pass,offered_fps_agg,impl,streams,cpu_ms,cpu_pct,delivered,lost,corrupt,fps,loss_pct,jitter_ms
1,60,asio_shard,1,48.8,1.0,300,0,0,60.0,0.0000,0.3586
1,120,asio_shard,2,83.4,1.7,600,0,0,120.0,0.0000,0.3301
1,240,asio_shard,4,112.0,2.2,1200,0,0,240.0,0.0000,0.2448
1,480,asio_shard,8,229.7,4.6,2400,0,0,480.1,0.0000,0.2968
1,960,asio_shard,16,488.2,9.8,4800,0,0,960.3,0.0000,0.4410
1,1920,asio_shard,32,1014.7,20.9,9559,0,0,1958.0,0.0000,0.8689
1,3840,asio_shard,64,1931.6,43.5,18556,0,0,4161.4,0.0000,2.3103
1,7680,asio_shard,128,3517.7,98.9,34088,0,0,9557.8,0.0000,4.4211
2,60,asio_shard,1,34.3,0.7,300,0,0,60.0,0.0000,0.2108
2,120,asio_shard,2,85.6,1.7,600,0,0,120.0,0.0000,0.2583
2,240,asio_shard,4,127.7,2.6,1200,0,0,240.0,0.0000,0.2631
2,480,asio_shard,8,244.2,4.9,2400,0,0,479.9,0.0000,0.3670
2,960,asio_shard,16,472.2,9.5,4800,0,0,960.4,0.0000,0.6077
2,1920,asio_shard,32,1007.6,20.7,9562,0,0,1958.0,0.0000,0.7996
2,3840,asio_shard,64,1902.0,42.7,18564,0,0,4158.4,0.0000,2.3286
2,7680,asio_shard,128,3391.3,97.1,33866,0,0,9663.5,0.0000,4.5350
3,60,asio_shard,1,35.9,0.7,300,0,0,60.0,0.0000,0.1514
3,120,asio_shard,2,67.7,1.4,600,0,0,120.0,0.0000,0.2507
3,240,asio_shard,4,113.6,2.3,1200,0,0,240.0,0.0000,0.2701
3,480,asio_shard,8,200.7,4.0,2400,0,0,480.0,0.0000,0.3139
3,960,asio_shard,16,482.5,9.7,4800,0,0,960.2,0.0000,0.5104
3,1920,asio_shard,32,1035.3,21.4,9550,0,0,1964.5,0.0000,0.9284
3,3840,asio_shard,64,1947.7,44.0,18527,0,0,4168.3,0.0000,2.3732
3,7680,asio_shard,128,3571.2,100.7,34087,0,0,9582.9,0.0000,4.4705
4,60,asio_shard,1,35.3,0.7,300,0,0,60.0,0.0000,0.2070
4,120,asio_shard,2,66.5,1.3,600,0,0,120.0,0.0000,0.1682
4,240,asio_shard,4,108.1,2.2,1200,0,0,240.0,0.0000,0.1983
4,480,asio_shard,8,227.0,4.6,2400,0,0,479.9,0.0000,0.3691
4,960,asio_shard,16,466.8,9.4,4800,0,0,960.1,0.0000,0.5664
4,1920,asio_shard,32,1045.7,21.6,9544,0,0,1966.5,0.0000,0.9380
4,3840,asio_shard,64,2001.3,45.0,18544,0,0,4157.2,0.0000,2.3194
4,7680,asio_shard,128,3479.3,98.1,34087,0,0,9578.5,0.0000,4.4490
5,60,asio_shard,1,33.9,0.7,300,0,0,60.0,0.0000,0.1528
5,120,asio_shard,2,64.9,1.3,600,0,0,120.0,0.0000,0.1769
5,240,asio_shard,4,125.4,2.5,1200,0,0,240.0,0.0000,0.2767
5,480,asio_shard,8,257.0,5.2,2400,0,0,480.0,0.0000,0.3674
5,960,asio_shard,16,477.7,9.6,4800,0,0,960.1,0.0000,0.5401
5,1920,asio_shard,32,1035.3,21.4,9551,0,0,1963.6,0.0000,0.9135
5,3840,asio_shard,64,2018.6,45.4,18571,2,0,4160.3,0.0108,2.3659
5,7680,asio_shard,128,3534.4,99.9,34012,5,0,9584.5,0.0147,4.4856
6,60,asio_shard,1,34.6,0.7,300,0,0,60.0,0.0000,0.1772
6,120,asio_shard,2,71.2,1.4,600,0,0,120.0,0.0000,0.2467
6,240,asio_shard,4,105.4,2.1,1200,0,0,240.0,0.0000,0.2065
6,480,asio_shard,8,209.9,4.2,2400,0,0,480.1,0.0000,0.2999
6,960,asio_shard,16,452.6,9.1,4800,0,0,960.3,0.0000,0.6663
6,1920,asio_shard,32,984.8,20.3,9558,0,0,1959.3,0.0000,0.9189
6,3840,asio_shard,64,2007.1,45.2,18542,0,0,4159.1,0.0000,2.3546
6,7680,asio_shard,128,3577.5,100.0,34140,0,0,9512.8,0.0000,4.3773
7,60,asio_shard,1,35.4,0.7,300,0,0,60.0,0.0000,0.2104
7,120,asio_shard,2,69.1,1.4,600,0,0,120.0,0.0000,0.1946
7,240,asio_shard,4,122.0,2.4,1200,0,0,240.0,0.0000,0.2072
7,480,asio_shard,8,214.1,4.3,2400,0,0,480.0,0.0000,0.3307
7,960,asio_shard,16,504.6,10.1,4800,0,0,960.1,0.0000,0.4669
7,1920,asio_shard,32,996.1,20.5,9559,0,0,1959.6,0.0000,0.7895
7,3840,asio_shard,64,1950.3,43.9,18544,0,0,4160.0,0.0000,2.3259
7,7680,asio_shard,128,3448.8,96.9,34043,0,0,9532.4,0.0000,4.3945
8,60,asio_shard,1,35.6,0.7,300,0,0,60.0,0.0000,0.2586
8,120,asio_shard,2,71.4,1.4,600,0,0,120.0,0.0000,0.2449
8,240,asio_shard,4,115.7,2.3,1200,0,0,240.0,0.0000,0.2450
8,480,asio_shard,8,271.0,5.4,2400,0,0,480.1,0.0000,0.3206
8,960,asio_shard,16,515.5,10.3,4800,0,0,960.1,0.0000,0.4761
8,1920,asio_shard,32,980.1,20.2,9558,0,0,1961.0,0.0000,0.8111
8,3840,asio_shard,64,1944.3,43.6,18582,0,0,4149.5,0.0000,2.2735
8,7680,asio_shard,128,3526.2,99.9,34000,2,0,9600.7,0.0059,4.4756
9,60,asio_shard,1,33.9,0.7,300,0,0,60.0,0.0000,0.1741
9,120,asio_shard,2,75.0,1.5,600,0,0,120.0,0.0000,0.2777
9,240,asio_shard,4,125.8,2.5,1200,0,0,240.0,0.0000,0.2896
9,480,asio_shard,8,252.2,5.1,2400,0,0,480.1,0.0000,0.3750
9,960,asio_shard,16,504.1,10.1,4800,0,0,960.2,0.0000,0.6559
9,1920,asio_shard,32,1023.5,21.0,9560,0,0,1958.5,0.0000,0.8797
9,3840,asio_shard,64,1922.6,43.3,18538,0,0,4159.1,0.0000,2.3166
9,7680,asio_shard,128,3429.9,97.5,33951,1,0,9621.7,0.0029,4.5140
10,60,asio_shard,1,37.4,0.8,300,0,0,60.0,0.0000,0.2153
10,120,asio_shard,2,72.0,1.4,600,0,0,120.0,0.0000,0.2105
10,240,asio_shard,4,113.1,2.3,1200,0,0,240.0,0.0000,0.2034
10,480,asio_shard,8,224.3,4.5,2400,0,0,480.0,0.0000,0.3388
10,960,asio_shard,16,518.3,10.4,4800,0,0,960.3,0.0000,0.5082
10,1920,asio_shard,32,1037.4,21.3,9558,0,0,1960.7,0.0000,0.9515
10,3840,asio_shard,64,2009.5,45.2,18528,0,0,4157.5,0.0000,2.3559
10,7680,asio_shard,128,3574.1,101.1,33948,0,0,9569.7,0.0000,4.4472
